Model,True Positive,False Positive,True Negative,False Negative,Accuracy,AUC,F1-Score,Precision,Recall
DenseNet2,24,15,491,110,0.8046875,0.878255615,0.2774566473988439,0.6153846153846154,0.1791044776119403
DenseNet,86,55,451,48,0.8390625,0.8955920410156251,0.6254545454545454,0.6099290780141844,0.6417910447761194
ResNet152,59,15,491,75,0.859375,0.9187597656250001,0.5673076923076923,0.7972972972972973,0.44029850746268656
VGG19,71,28,478,63,0.8578125,0.937375488,0.6094420600858368,0.7171717171717171,0.5298507462686567
Xception,87,31,475,47,0.878125,0.949746094,0.6904761904761905,0.7372881355932204,0.6492537313432836
InceptionResNetV2,91,28,478,43,0.8890625,0.951990967,0.7193675889328063,0.7647058823529411,0.6791044776119403
